Recording	Dzimums	Dzirdes_traucējumi	Labrocis_vai_kreilis	Muzikālā_izglītība	Pazīst_nošu_partitūru	Spēlē_klavieres	Vecums	Participant	TOI	Interval	Stimulus_template	Row_number	Duration_of_interval	Start_of_interval	Last_key_press	Total_duration_of_whole_fixations	Average_duration_of_whole_fixations	Number_of_whole_fixations	Duration_of_first_whole_fixation	Average_whole-fixation_pupil_diameter	Average_whole-fixation_eye_openness	Number_of_saccades	Average_peak_velocity_of_saccades	Minimum_peak_velocity_of_saccades	Maximum_peak_velocity_of_saccades	Standard_deviation_of_peak_velocity_of_saccades	Average_amplitude_of_saccades	Minimum_amplitude_of_saccades	Maximum_amplitude_of_saccades	Total_amplitude_of_saccades	Time_to_first_saccade	Direction_of_first_saccade	Peak_velocity_of_first_saccade	Average_velocity_of_first_saccade	Amplitude_of_first_saccade
Recording1	Vīrietis	Nē	labrocis	Nē	Nē	Nē	26	Participant1	CircleBottom	1	ObjectPosition	3	2000	89155		0		0				1	282,8	282,8	282,8		8,66	8,66	8,66	8,66	249	269,04	282,8	176,68	8,66
Recording1	Vīrietis	Nē	labrocis	Nē	Nē	Nē	26	Participant1	CircleBottom	2	ObjectPosition	1	2033	91772		0		0				1	209,74	209,74	209,74		6,68	6,68	6,68	6,68	248	268,45	209,74	138,84	6,68
Recording2	Sieviete	Nē	labrocis	Nē	Jā	Jā	22	Participant2	CircleBottom	1	ObjectPosition	1	2000	128892		230	230	1	230	3,62505	10,2524	2	108,5	49,52	167,49	83,42	5,13	2,37	7,9	10,27	334	269,53	167,49	113,96	7,9
Recording2	Sieviete	Nē	labrocis	Nē	Jā	Jā	22	Participant2	CircleBottom	2	ObjectPosition	3	2000	137275		160	160	1	160	3,56615	10,36742	2	121,5	58,8	184,2	88,67	5,17	2,65	7,7	10,35	194	266,85	184,2	120,43	7,7
Recording3	Sieviete	Nē	labrocis	Nē	Nē	Nē	24	Participant3	CircleBottom	1	ObjectPosition	1	2017	245982		1203	602	2	1103	2,95939	11,81755	3	190,34	126,43	278,27	78,72	5,5	4	8	16,5	198	268,55	278,27	160,66	8
Recording3	Sieviete	Nē	labrocis	Nē	Nē	Nē	24	Participant3	CircleBottom	2	ObjectPosition	3	2017	251548		1657	552	3	1037	2,77538	11,9485	3	154,1	90,46	267,18	98,19	4,39	2,96	7,16	13,18	201	268,45	267,18	153,43	7,16
Recording4	Sieviete	Nē	labrocis	Nē	Jā	Nē	26	Participant4	CircleBottom	1	ObjectPosition	1	2017	115714		527	263	2	223	2,45041	10,98096	2	267,79	93,37	442,2	246,66	7,95	2,37	13,53	15,9	247	270,44	442,2	243,88	13,53
Recording4	Sieviete	Nē	labrocis	Nē	Jā	Nē	26	Participant4	CircleBottom	2	ObjectPosition	3	2017	118364		0		0				1	265,41	265,41	265,41		8,45	8,45	8,45	8,45	194	268,87	265,41	151,54	8,45
Recording5	Vīrietis	Nē	kreilis	Nē	Jā	Nē	26	Participant5	CircleBottom	1	ObjectPosition	3	2017	154205		1043	261	4	413	2,84223	8,68374	4	129,75	81,4	213,7	62,94	4,35	1,77	6,9	17,39	249	267,81	142,49	78,85	6,9
Recording5	Vīrietis	Nē	kreilis	Nē	Jā	Nē	26	Participant5	CircleBottom	2	ObjectPosition	1	2000	159488		1620	540	3	590	2,86099	8,66374	2	84,75	44,38	125,12	57,09	2,97	1,23	4,71	5,94	889	95,33	44,38	37,95	1,23
Recording6	Vīrietis	Nē	labrocis	Nē	Nē	Nē	26	Participant6	CircleBottom	1	ObjectPosition	3	2017	204038		850	425	2	323	2,68597	7,2551	3	249,24	48,32	418,09	186,96	8,86	0,56	17,9	26,57	6	185,64	48,32	40,61	0,56
Recording6	Vīrietis	Nē	labrocis	Nē	Nē	Nē	26	Participant6	CircleBottom	2	ObjectPosition	1	2017	208071		0		0				1	310,03	310,03	310,03		8,5	8,5	8,5	8,5	193	267,18	310,03	194,38	8,5
Recording7	Vīrietis	Nē	labrocis	Nē	Nē	Nē	35	Participant7	CircleBottom	1	ObjectPosition	3	2017	187837		1443	361	4	157	2,50862	10,25976	2	97,65	68,75	126,54	40,87	1,51	0,92	2,11	3,03	748	101,56	68,75	56,81	0,92
Recording7	Vīrietis	Nē	labrocis	Nē	Nē	Nē	35	Participant7	CircleBottom	2	ObjectPosition	1	2017	194587		1133	567	2	333	2,56755	10,19369	1	122,52	122,52	122,52		2,12	2,12	2,12	2,12	1638	247,27	122,52	85,92	2,12
Recording8	Sieviete	Nē	labrocis	Nē	Jā	Nē	22	Participant8	CircleBottom	1	ObjectPosition	3	2017	112120		513	513	1	513	2,29862	9,81551	2	166,16	53,87	278,44	158,8	3,77	1,03	6,51	7,54	207	269,03	278,44	168,69	6,51
Recording8	Sieviete	Nē	labrocis	Nē	Jā	Nē	22	Participant8	CircleBottom	2	ObjectPosition	1	2033	114770		1603	1603	1	1603	2,55801	9,58753	2	197,02	121,64	272,39	106,59	6,18	5,74	6,61	12,35	223	268	272,39	168,96	6,61
Recording9	Vīrietis	Nē	labrocis	Nē	Nē	Nē	22	Participant9	CircleBottom	1	ObjectPosition	3	2017	154208		163	163	1	163	2,97535	9,88918	2	178,52	170,71	186,33	11,05	3,74	3,7	3,78	7,47	196	266,27	186,33	128,11	3,7
Recording9	Vīrietis	Nē	labrocis	Nē	Nē	Nē	22	Participant9	CircleBottom	2	ObjectPosition	1	2017	157375		933	467	2	197	2,87352	9,5248	3	130,65	49,49	223,69	87,71	2,72	0,68	5,13	8,15	196	265,95	223,69	142,37	5,13
Recording10	Sieviete	Nē	labrocis	Nē	Jā	Jā	22	Participant10	CircleBottom	1	ObjectPosition	1	2017	163445		1450	362	4	803	3,51741	11,31696	5	194,65	92,37	517,92	181,63	6,69	1,85	21,46	33,47	158	356,78	517,92	328,45	21,46
Recording10	Sieviete	Nē	labrocis	Nē	Jā	Jā	22	Participant10	CircleBottom	2	ObjectPosition	3	2033	166095		1430	357	4	827	3,58952	10,98291	5	239,25	110,49	496,57	156,94	10,32	2,14	21,82	51,58	224	272	200,45	135,51	6,26
Recording11	Vīrietis	Nē	labrocis	Nē	Jā	Nē	35	Participant11	CircleBottom	1	ObjectPosition	3	2033	214313		770	154	5	190	2,3818	6,61639	2	215,86	212,2	219,53	5,18	8,11	8,05	8,18	16,22	196	268,85	212,2	145,51	8,05
Recording11	Vīrietis	Nē	labrocis	Nē	Jā	Nē	35	Participant11	CircleBottom	2	ObjectPosition	1	2000	219596		907	113	8	117	2,32924	6,47864	4	91,8	31,06	207,25	78,56	2,37	0,22	7,89	9,5	256	269,57	207,25	127,06	7,89
Recording12	Sieviete	Jā	labrocis	Nē	Jā	Nē	35	Participant12	CircleBottom	1	ObjectPosition	1	2017	189431		1530	382	4	283	2,70451	7,11678	4	91,2	38,8	218,13	85,45	2,42	0,65	6,75	9,68	211	269,64	218,13	140,23	6,75
Recording12	Sieviete	Jā	labrocis	Nē	Jā	Nē	35	Participant12	CircleBottom	2	ObjectPosition	3	2033	194714		1163	388	3	197	2,83287	7,1296	1	194,96	194,96	194,96		6	6	6	6	277	270,57	194,96	127,76	6
Recording13	Sieviete	Nē	labrocis	Nē	Jā	Nē	22	Participant13	CircleBottom	1	ObjectPosition	3	2017	195198		1563	782	2	623	2,9645	11,02906	3	113,71	35,59	258,1	125,19	2,88	0,86	6,84	8,64	175	263,69	258,1	130,93	6,84
Recording13	Sieviete	Nē	labrocis	Nē	Jā	Nē	22	Participant13	CircleBottom	2	ObjectPosition	1	2017	197848		1783	594	3	110	3,03595	10,81845	4	177,92	33,36	348,73	136,5	4,75	0,5	10,28	19,01	75	272,05	217,16	137,13	5,53
Recording14	Sieviete	Nē	labrocis	Jā	Jā	Jā	35	Participant14	CircleBottom	1	ObjectPosition	3	2017	165428		1550	517	3	807	2,44068	10,83615	4	116,82	60,95	232,54	78,22	2,67	1,18	5,8	10,68	326	270,18	232,54	149,21	5,8
Recording14	Sieviete	Nē	labrocis	Jā	Jā	Jā	35	Participant14	CircleBottom	2	ObjectPosition	1	2017	171311		1480	740	2	887	2,48817	10,68699	2	163,85	40,1	287,6	175,01	3,75	0,58	6,93	7,51	246	270,09	287,6	174,75	6,93
Recording15	Sieviete	Nē	labrocis	Jā	Jā	Jā	24	Participant15	CircleBottom	1	ObjectPosition	3	2033	144159		1117	1117	1	1117	3,17081	9,86635	1	251,41	251,41	251,41		7,25	7,25	7,25	7,25	267	267,52	251,41	166,86	7,25
Recording15	Sieviete	Nē	labrocis	Jā	Jā	Jā	24	Participant15	CircleBottom	2	ObjectPosition	1	2017	149842		0		0				1	212,47	212,47	212,47		6,07	6,07	6,07	6,07	227	267,75	212,47	131,02	6,07
Recording16	Vīrietis	Nē	labrocis	Nē	Jā	Jā	35	Participant16	CircleBottom	1	ObjectPosition	3	2033	158041		0		0				0													
Recording16	Vīrietis	Nē	labrocis	Nē	Jā	Jā	35	Participant16	CircleBottom	2	ObjectPosition	1	2017	163341		357	357	1	357	3,09192	10,3526	1	38,24	38,24	38,24		0,71	0,71	0,71	0,71	659	82,48	38,24	35,06	0,71
Recording17	Vīrietis	Nē	labrocis	Jā	Jā	Jā	35	Participant17	CircleBottom	1	ObjectPosition	1	2017	181716		1080	540	2	490	2,69926	8,41148	1	63,7	63,7	63,7		1,03	1,03	1,03	1,03	1727	97,82	63,7	53,97	1,03
Recording17	Vīrietis	Nē	labrocis	Jā	Jā	Jā	35	Participant17	CircleBottom	2	ObjectPosition	3	2017	184366		0		0				1	182,66	182,66	182,66		4,25	4,25	4,25	4,25	217	269,49	182,66	121,2	4,25
Recording18	Vīrietis	Nē	labrocis	Nē	Nē	Nē	25	Participant18	CircleBottom	1	ObjectPosition	3	2017	103775		1413	1413	1	1413	2,52526	8,95048	2	111,27	34	188,55	109,28	3,23	0,78	5,69	6,47	293	270,55	188,55	112,2	5,69
Recording18	Vīrietis	Nē	labrocis	Nē	Nē	Nē	25	Participant18	CircleBottom	2	ObjectPosition	1	2017	106425		1230	1230	1	1230	2,49807	8,92551	2	112,21	52,78	171,63	84,04	3,44	1,03	5,85	6,88	216	271,1	171,63	110,51	5,85
Recording19	Sieviete	Nē	labrocis	Jā	Jā	Jā	35	Participant19	CircleBottom	1	ObjectPosition	1	2033	122403		683	342	2	197	2,52987	9,31649	3	135,26	64,06	270,89	117,51	3,16	1,16	7,02	9,48	278	270,9	270,89	159,88	7,02
Recording19	Sieviete	Nē	labrocis	Jā	Jā	Jā	35	Participant19	CircleBottom	2	ObjectPosition	3	2017	130336		1693	423	4	183	2,50015	9,47739	4	185,06	40,81	340,44	148,25	4,65	0,59	8,71	18,59	12	88,01	40,81	37	0,59
Recording20	Sieviete	Nē	labrocis	Nē	Jā	Jā	22	Participant20	CircleBottom	1	ObjectPosition	3	2017	89661		660	165	4	163	2,87522	8,57296	4	158,87	56,69	218,47	71,79	4,65	1,08	8,87	18,59	39	269,27	218,47	143,64	8,87
Recording20	Sieviete	Nē	labrocis	Nē	Jā	Jā	22	Participant20	CircleBottom	2	ObjectPosition	1	2017	96044		767	383	2	667	2,79645	8,60163	2	167,66	101,51	233,81	93,55	5,11	2,48	7,75	10,22	138	268,11	233,81	150,77	7,75
Recording21	Sieviete	Nē	labrocis	Nē	Jā	Jā	25	Participant21	CircleBottom	1	ObjectPosition	1	2017	86073		1473	246	6	167	2,59452	10,85414	4	147,25	114,01	194,16	34,06	2,84	2,37	3,92	11,37	856	96,05	134,08	104,33	2,6
Recording21	Sieviete	Nē	labrocis	Nē	Jā	Jā	25	Participant21	CircleBottom	2	ObjectPosition	3	2033	94007		1050	263	4	183	2,52842	10,79634	3	221,82	117,69	403,85	158,18	5,53	1,7	12,23	16,6	520	42,21	143,93	97,97	2,67
